{ "imgArray": [
    {"img": "https://picsum.photos/id/1068/900/500", "heading" :"Computer Desk", "description":"Best Selling Desk"},
    {"img": "https://picsum.photos/id/175/900/500", "heading" :"Monochrome Vintage Clock", "description":"Monochrome Vintage Clock"},
    {"img": "https://picsum.photos/id/152/900/500", "heading" :"Fresh bouquet", "description":"third heading's description"},
    {"img": "https://picsum.photos/id/160/900/500", "heading" :"IPhone", "description":"fourth heading's description"},
    {"img": "https://picsum.photos/id/111/900/500", "heading" :"Vintage Car", "description":"fifth heading's description"},
    {"img": "https://picsum.photos/id/1080/900/500", "heading" :"Organic Strawberries", "description":"sixth heading's description"},
    {"img": "https://picsum.photos/id/225/900/500", "heading" :"Tea Pot", "description":"seventh heading's description"}
    ]
    }
